Designator,Footprint,Quantity,Manufacturer Part Number,Manufacturer,Description
U_WDT1,SOT-23-8,1,MAX6369KA+T,Analog Devices/Maxim,Watchdog Timer IC
U_DRV1,SOIC-8,1,UCC27282DR,Texas Instruments,Half-Bridge Gate Driver
U4,VSSOP-8_2.4x2.1mm_P0.5mm,1,SN74LVC2G08DCUR,Texas Instruments,Dual 2-Input AND Gate
"R1,R2,R3,R4,R5",0805,5,RC0805FR-0710KL,Yageo,10k Ohm 1% 0805
R6,0805,1,RC0805FR-0710RL,Yageo,10 Ohm 1% 0805
"C2,C5,C6",0805,3,CL21B104KBCNNNC,Samsung,100nF 50V X7R 0805
C3,0805,1,CL21B105KAFNNNE,Samsung,1uF 25V X5R 0805 (bootstrap)
D2,SMB,1,SMBJ60A,Littelfuse,TVS Diode 60V SMB
D3,SMA,1,SS14,onsemi,Schottky Diode 40V 1A SMA
